partsNum,partsBrandName,productId,pictureUrl
4013003205,GEELY,2232936424222339072
550046007,GEELY,2232936424243310596
9020009100,GEELY,2232936424604020736
9020009200,GEELY,2232936425140891648
1056022300,GEELY,2232936425161863172
9020000300,GEELY,2232936425136697344
1056000100,GEELY,2232936425392549888
9020000200,GEELY,2232936425992335360
1056025900,GEELY,2232936426139136000
9020000100,GEELY,2232936426101387264
9020000600,GEELY,2232936426202050560
8022020800,GEELY,2232936426940248064
8022040600,GEELY,2232936427087048704
8022021300,GEELY,2232936427133186048
8025530000,GEELY,2232936427141574656
2032040500,GEELY,2232936427951075328
2032072000,GEELY,2232936427997212672
1056001600,GEELY,2232936427963658240
1056016000,GEELY,2232936428072710144
889885252,GEELY,2232936428785741824
4060206008,GEELY,2232936428794130432
2032000200,GEELY,2232936428861239296
8022000500,GEELY,2232936429062565888
6608126458,GEELY,2232936429612019712
8022037000,GEELY,2232936429653962752
8022028400,GEELY,2232936429653962754
8022041200,GEELY,2232936429867872256
8025530500,GEELY,2232936430467657728
2032047000,GEELY,2232936430543155200
2032069500,GEELY,2232936430656401408
2032072200,GEELY,2232936430656401409
1016060591,GEELY,2232936431239409664
550047325,GEELY,2232936431394598912
550045971,GEELY,2232936431407181824
550045972,GEELY,2232936431625285632
550046104,GEELY,2232936432015355904
550046105,GEELY,2232936432149573632
550046106,GEELY,2232936432216682496
550046107,GEELY,2232936432459952128
550045973,GEELY,2232936432967462912
550045974,GEELY,2232936433013600256
9020009300,GEELY,2232936433047154688
1056012200,GEELY,2232936433307201536
1016056847,GEELY,2232936433827295232
41330007130,GEELY,2232936433860849664
41330007124,GEELY,2232936433860849665
8025530200,GEELY,2232936434238337024
9020001900,GEELY,2232936434531938304
9020005500,GEELY,2232936434628407296
1056011400,GEELY,2232936434817150976
1056008500,GEELY,2232936435161083904
9020006900,GEELY,2232936435391770624
4048046400,GEELY,2232936435492433920
4048095900,GEELY,2232936435588902912
4050042300,GEELY,2232936435932835840
4050043100,GEELY,2232936436239020032
4050076500,GEELY,2232936436264185856
4050086000,GEELY,2232936436360654848
4050086100,GEELY,2232936436771696640
9025000100,GEELY,2232936437044326400
8022020100,GEELY,2232936437254041600
8022041300,GEELY,2232936437342121984
8022530100,GEELY,2232936437522477056
2032039700,GEELY,2232936437816078336
2032072100,GEELY,2232936438038376448
1136000118,GEELY,2232936438063542272
2036512100,GEELY,2232936438294228992
1056033100,GEELY,2232936438487166976
2032030600,GEELY,2232936438847877120
8022011500,GEELY,2232936438894014464
8022015200,GEELY,2232936439225364480
2032002100,GEELY,2232936439204392960
2032009100,GEELY,2232936439594463232
4048046700,GEELY,2232936439674155008
4050041600,GEELY,2232936440022282240
4048055500,GEELY,2232936440068419584
4050050000,GEELY,2232936440374603776
4017020500,GEELY,2232936440382992384
4017020700,GEELY,2232936440764674048
4017031400,GEELY,2232936440806617088
4017031500,GEELY,2232936441137967104
1013003007,GEELY,2232936441163132928
4116001888,GEELY,2232936441540620288
1056004100,GEELY,2232936441574174720
6608159103,GEELY,2232936441913913344
2036000800,GEELY,2232936441981022208
2036012300,GEELY,2232936442341732352
2036014400,GEELY,2232936442383675392
9020005200,GEELY,2232936442576613376
1056018600,GEELY,2232936442811494400
4048000400,GEELY,2232936443063152640
4050000400,GEELY,2232936443100901376
2032074200,GEELY,2232936443348365312
404800040001,GEELY,2232936443520331776
404800040002,GEELY,2232936443893624832
405000040001,GEELY,2232936443939762176
405000040002,GEELY,2232936444040425472
4048055000,GEELY,2232936444254334976
4050049600,GEELY,2232936444715708416
2036000500,GEELY,2232936444778622976
9022000100,GEELY,2232936444807983104
4017022100,GEELY,2232936444975755264
4017022200,GEELY,2232936445659426818
9022000200,GEELY,2232936445659426816
406020619301,GEELY,2232936445726535680
1056003800,GEELY,2232936445747507200
4013048100,GEELY,2232936446527647744
4013049500,GEELY,2232936446557007872
4013078100,GEELY,2232936446649282560
4013078300,GEELY,2232936446678642688
4013086500,GEELY,2232936447471366144
4013086600,GEELY,2232936447496531968
4020046700,GEELY,2232936447530086400
4020029200,GEELY,2232936447572029440
4020049200,GEELY,2232936448230535168
4048000100,GEELY,2232936448335392768
4050000100,GEELY,2232936448373141504
4017000400,GEELY,2232936448431861760
4017000500,GEELY,2232936448930983936
404800010001,GEELY,2232936449195225088
2032016100,GEELY,2232936449191030784
1066030000,GEELY,2232936449283305472
901300060001,GEELY,2232936449740484608
JQ729C20,GEELY,2232936449996337152
2032021300,GEELY,2232936450025697280
JQ729A30,GEELY,2232936450063446016
2036009100,GEELY,2232936450508042240
5077003900,GEELY,2232936450789060608
1030022100,GEELY,2232936450784866304
1030022200,GEELY,2232936450851975168
1033025200,GEELY,2232936451258822656
8013009600,GEELY,2232936451594366976
8013010800,GEELY,2232936451648892928
2036011400,GEELY,2232936451661475840
7045085600,GEELY,2232936452038963200
7045086300,GEELY,2232936452424839168
405000010001,GEELY,2232936452458393600
4015011100,GEELY,2232936452584222720
2074054400,GEELY,2232936452848463872
2074054500,GEELY,2232936453234339840
2074054600,GEELY,2232936453238534144
2074054700,GEELY,2232936453645381632
2074604500,GEELY,2232936453876068352
1066022900,GEELY,2232936453922205696
4013062800,GEELY,2232936453980925952
4013062900,GEELY,2232936454391967744
4013063000,GEELY,2232936454652014592
4013063100,GEELY,2232936454773649408
4013071000,GEELY,2232936454823981056
4013071100,GEELY,2232936455155331072
4020033100,GEELY,2232936455490875392
4020036300,GEELY,2232936455532818432
4020036800,GEELY,2232936455805448192
4020040000,GEELY,2232936455868362752
4050010000,GEELY,2232936456333930496
4048089000,GEELY,2232936456354902016
4052010900,GEELY,2232936456547840000
4048043400,GEELY,2232936456631726080
4048076800,GEELY,2232936457151819776
4048096100,GEELY,2232936457206345728
4048096200,GEELY,2232936457357340672
4048098700,GEELY,2232936457428643840
4050040200,GEELY,2232936457910988800
4050067700,GEELY,2232936457952931840
4050086300,GEELY,2232936458204590080
4050090400,GEELY,2232936458212978688
4060026300,GEELY,2232936458670157824
4060026400,GEELY,2232936458741460992
1013003217,GEELY,2232936458972147712
9022000800,GEELY,2232936459039256576
4013049200,GEELY,2232936459425132544
JQ728H20,GEELY,2232936459433521152
1070005500,GEELY,2232936459668402176
JQ729D10,GEELY,2232936459815202816
2082005900,GEELY,2232936460142358528
8022024700,GEELY,2232936460205273088
8025530400,GEELY,2232936460339490816
JQ728H25,GEELY,2232936460595343360
2032053900,GEELY,2232936461052522496
2032071300,GEELY,2232936461123825664
1073006900,GEELY,2232936461128019968
2013021700,GEELY,2232936461346123776
4020029100,GEELY,2232936461849440256
1116050524,GEELY,2232936461979463680
4013000100,GEELY,2232936461958492160
4013000200,GEELY,2232936462130458624
4013001200,GEELY,2232936462512140288
4013001300,GEELY,2232936462767992832
4013009600,GEELY,2232936462801547264
4013009700,GEELY,2232936462839296000
4020000100,GEELY,2232936463271309312
1066023000,GEELY,2232936463585882112
1066527000,GEELY,2232936463627825152
JQ72716B,GEELY,2232936463632019456
4013049400,GEELY,2232936464047255552
4020031200,GEELY,2232936464382799872
2029024500,GEELY,2232936464420548608
1077000200,GEELY,2232936464470880256
1077000300,GEELY,2232936464798035968
1077000400,GEELY,2232936465267798016
1077000600,GEELY,2232936465276186624
1077000500,GEELY,2232936465280380928
1077000700,GEELY,2232936465569787904
1077000800,GEELY,2232936466035355648
1077001900,GEELY,2232936466085687296
1077002100,GEELY,2232936466106658816
1077002400,GEELY,2232936466429620224
1077003300,GEELY,2232936466844856320
1077003200,GEELY,2232936466857439232
1044529500,GEELY,2232936466895187968
2052006500,GEELY,2232936467234926592
2069017200,GEELY,2232936467629191168
2069026000,GEELY,2232936467662745600
2069525700,GEELY,2232936467687911424
1033030900,GEELY,2232936468107341824
4050024200,GEELY,2232936468405137408
4048031700,GEELY,2232936468459663360
4050025700,GEELY,2232936468472246272
2032018100,GEELY,2232936468937814016
JQ729C25,GEELY,2232936469202055168
4024034200668,GEELY,2232936469235609600
4024034200897,GEELY,2232936469290135552
4024034200915,GEELY,2232936469726343168
JQ728H30,GEELY,2232936470015750144
1066000300,GEELY,2232936469994778624
1056024400,GEELY,2232936470095441920
1056028700,GEELY,2232936470510678016
4048009600,GEELY,2232936470800084992
4050018100,GEELY,2232936470955274241
2036012400,GEELY,2232936470955274240
2036513000,GEELY,2232936471173378048
1077001000,GEELY,2232936471727026176
8017014800,GEELY,2232936471756386304
8017014900,GEELY,2232936471831883776
8017015200,GEELY,2232936471907381248
8017015300,GEELY,2232936472473612288
8017022900,GEELY,2232936472649773056
8017022800,GEELY,2232936472649773058
4020029000,GEELY,2232936472712687616
6010084800,GEELY,2232936473295695872
6010092000,GEELY,2232936473392164864
6010091900,GEELY,2232936473438302208
6010101700,GEELY,2232936473555742720
6044058700,GEELY,2232936474176499712
6044059500,GEELY,2232936474193276928
6044059600,GEELY,2232936474310717440
6044066000,GEELY,2232936474549792768
6044066100,GEELY,2232936475036332032
6044598200,GEELY,2232936475111829504
7057015800,GEELY,2232936475178938368
7057015900,GEELY,2232936475367682048
7057016100,GEELY,2232936475858415616
7057016000,GEELY,2232936475875192832
7057037100,GEELY,2232936475904552960
7057037200,GEELY,2232936476487561216
7057525900,GEELY,2232936476638556160
7057526000,GEELY,2232936476760190976
7057526100,GEELY,2232936476772773888
7057526200,GEELY,2232936477183815680
8015014800,GEELY,2232936477519360000
8015014700,GEELY,2232936477519360002
8013008200,GEELY,2232936477544525824
8015015000,GEELY,2232936477951373312
8015028500,GEELY,2232936478312083456
8015524800,GEELY,2232936478429523968
5032037400,GEELY,2232936478421135360
1066029100,GEELY,2232936478865731584
7045066100,GEELY,2232936479192887296
7045066200,GEELY,2232936479192887297
7045068400,GEELY,2232936479385825280
7045068500,GEELY,2232936479704592384
7090031100,GEELY,2232936480212103168
1056020700,GEELY,2232936480199520256
1014030831,GEELY,2232936480220491776
4050039400,GEELY,2232936480673476608
1046024100,GEELY,2232936480988049408
1046024200,GEELY,2232936481021603840
1046027600,GEELY,2232936481050963968
1046027700,GEELY,2232936481533308928
1046532100,GEELY,2232936481696886784
1046532200,GEELY,2232936481910796288
6010085700,GEELY,2232936481894019072
6010085800,GEELY,2232936482254729216
6044060300,GEELY,2232936482351198208
6044060400,GEELY,2232936482669965312
4060001200,GEELY,2232936482799988736
JQ72728,GEELY,2232936483060035584
5062021000,GEELY,2232936483076812800
5062021100,GEELY,2232936483479465984
5062036200,GEELY,2232936483613683712
5062036300,GEELY,2232936483856953344
5062039200,GEELY,2232936483907284992
5062039300,GEELY,2232936484205080576
8891425303,GEELY,2232936484431572992
8891425306,GEELY,2232936484658065408
7051022400,GEELY,2232936484700008448
7051022500,GEELY,2232936484897140736
7051022800,GEELY,2232936485157187584
7051043200,GEELY,2232936485408845824
7051022900,GEELY,2232936485429817344
7051043300,GEELY,2232936485652115456
7051043800,GEELY,2232936485866024960
7051043900,GEELY,2232936486105100288
1013502500,GEELY,2232936486327398400
6600001888A08,GEELY,2232936486411284480
6608048636,GEELY,2232936486675525632
7088032900,GEELY,2232936486935572480
7088033000,GEELY,2232936487149481984
7088033400,GEELY,2232936487229173760
7088033400080,GEELY,2232936487438888960
7088033500,GEELY,2232936487715713024
2036001300,GEELY,2232936488005120000
2036007600,GEELY,2232936488051257344
2036010600,GEELY,2232936488130949120
4015000200,GEELY,2232936488403578880
2022020300,GEELY,2232936488827203584
2022513300,GEELY,2232936488856563712
1018061055,GEELY,2232936488919478272
1018061056,GEELY,2232936489259216896
1018061058,GEELY,2232936489708007424
1018061057,GEELY,2232936489741561856
2032040000,GEELY,2232936489728978944
2032040800,GEELY,2232936490081300480
2032075800,GEELY,2232936490559451136
2032049100,GEELY,2232936490559451137
2052006600,GEELY,2232936490609782784
2052007000,GEELY,2232936490886606848
1025000700,GEELY,2232936491352174592
6010082600,GEELY,2232936491427672064
6010082700,GEELY,2232936491440254976
6010082800,GEELY,2232936491821936640
6010082900,GEELY,2232936492212006912
4061002600,GEELY,2232936492241367040
4061002700,GEELY,2232936492270727168
4061502900,GEELY,2232936492656603136
4061503000,GEELY,2232936492983758848
4050041300,GEELY,2232936493046673408
4015011200,GEELY,2232936493105393664
4015011300,GEELY,2232936493415772160
6073058500,GEELY,2232936493851979776
1025030200,GEELY,2232936493931671552
1025030300,GEELY,2232936493944254464
1025032400,GEELY,2232936494242050048
1025032500,GEELY,2232936494720200704
1025535400,GEELY,2232936494766338048
1025535500,GEELY,2232936494770532352
4036052300,GEELY,2232936495076716544
4036534300,GEELY,2232936495533895680
4036534400,GEELY,2232936495634558976
4013049100,GEELY,2232936495739416576
4015011500,GEELY,2232936495793942528
4086033500,GEELY,2232936496335007744
6608150638,GEELY,2232936496561500164
2034005700,GEELY,2232936496544722944
2034005900,GEELY,2232936496586665984
2034009600,GEELY,2232936497043845120
2040009200,GEELY,2232936497228394496
2040009300,GEELY,2232936497333252096
2040014600,GEELY,2232936497387778048
4017020100,GEELY,2232936497782042624
4017020300,GEELY,2232936498046283776
1056022400,GEELY,2232936498172112896
8022003600,GEELY,2232936498293747712
8022003800,GEELY,2232936498499268608
8022040400,GEELY,2232936498792869888
8025008200,GEELY,2232936498876755968
8025530300,GEELY,2232936499128414208
6013024800,GEELY,2232936499250049024
6013025000,GEELY,2232936499531067392
6013025100,GEELY,2232936499677868032
6013025200,GEELY,2232936499849834496
6013025300,GEELY,2232936500151824384
6013026000,GEELY,2232936500386705408
2032007600,GEELY,2232936500487368704
2032072800,GEELY,2232936500747415552
1030021700,GEELY,2232936500890021888
1030021800,GEELY,2232936501087154176
1030525900,GEELY,2232936501250732032
4082049700,GEELY,2232936501410115584
4082049900,GEELY,2232936501695328256
4082577900,GEELY,2232936501762437120
4082578100,GEELY,2232936501930209280
1030000800,GEELY,2232936502211227648
1030000900,GEELY,2232936502412554240
1073000700,GEELY,2232936502475468800
1025030100,GEELY,2232936502668406784
5511703185,GEELY,2232936502949425152
2082006700,GEELY,2232936503201083392
2036000900,GEELY,2232936503226249216
4013009100,GEELY,2232936503448547328
4013009200,GEELY,2232936503737954304
4013009300,GEELY,2232936503943475200
4013009400,GEELY,2232936503964446720
4013009800,GEELY,2232936504241270784
4013009900,GEELY,2232936504463568896
4020005700,GEELY,2232936504673284096
1073007900,GEELY,2232936504711032832
1070004100,GEELY,2232936504983662592
4048090200,GEELY,2232936505201766400
4048093600,GEELY,2232936505424064512
4050081200,GEELY,2232936505486979072
4050081400,GEELY,2232936505747025920
4050083000,GEELY,2232936505918992384
4050089300,GEELY,2232936506174844928
2036000100,GEELY,2232936506392948736
2036001200,GEELY,2232936506434891776
4020000500,GEELY,2232936506636218368
5032001100,GEELY,2232936506904653824
1040000200,GEELY,2232936507160506368
2074000100,GEELY,2232936507215032320
2074000200,GEELY,2232936507437330432
1025029500,GEELY,2232936507701571584
1066001700,GEELY,2232936507894509568
1066018200,GEELY,2232936508020338688
2019000300,GEELY,2232936508255219712
4013057800,GEELY,2232936508498489344
4013567600,GEELY,2232936508632707072
4020033300,GEELY,2232936508892753920
4020036700,GEELY,2232936509068914688
2074000300,GEELY,2232936509274435584
6010082200,GEELY,2232936509337350144
6010082400,GEELY,2232936509597396992
1056026900,GEELY,2232936509907775488
1066022700,GEELY,2232936510008438784
1066029300,GEELY,2232936510062964736
107700030001,GEELY,2232936510406897664
107700040001,GEELY,2232936510713081856
107700060001,GEELY,2232936510851493888
107700070001,GEELY,2232936510855688192
107700100001,GEELY,2232936511254147072
1077001100,GEELY,2232936511375781888
1077001200,GEELY,2232936511606468608
1077001300,GEELY,2232936511640023040
1077001400,GEELY,2232936511992344576
1077001500,GEELY,2232936512210448384
1077001600,GEELY,2232936512315305984
1077001700,GEELY,2232936512378220544
1077001800,GEELY,2232936512835399680
1077002000,GEELY,2232936513032531968
1077002600,GEELY,2232936513091252224
1077002700,GEELY,2232936513149972480
1077002800,GEELY,2232936513607151616
1077002900,GEELY,2232936513921724416
1077003000,GEELY,2232936513955278848
1077003100,GEELY,2232936513959473152
2034008200,GEELY,2232936514357932032
2043005800,GEELY,2232936514638950400
2043006100,GEELY,2232936514739613696
1073000800,GEELY,2232936514949328896
3088004000,GEELY,2232936515070963712
2010026500,GEELY,2232936515461033984
2010035700,GEELY,2232936515469422592
2010050100,GEELY,2232936515662360576
2010052500,GEELY,2232936515834327040
2010059700,GEELY,2232936516165677056
4013057900,GEELY,2232936516299894784
2052000100,GEELY,2232936516329254912
4048031800,GEELY,2232936516526387200
4050026000,GEELY,2232936516937428992
6059047600,GEELY,2232936517071646720
6059048100,GEELY,2232936517101006848
7090020100,GEELY,2232936517344276480
4060001100,GEELY,2232936517772095488
2029029300,GEELY,2232936517868564480
8022021100,GEELY,2232936517835010048
2069023000,GEELY,2232936518132805632
2069023100,GEELY,2232936518489321472
2069024500,GEELY,2232936518644510720
2069525900,GEELY,2232936518703230976
1033001900,GEELY,2232936518879391744
4050043000,GEELY,2232936519210741760
4050041000,GEELY,2232936519495954432
4050086200,GEELY,2232936519495954437
6035023700898,GEELY,2232936519646949376
6035023800898,GEELY,2232936519995076608
6035023900898,GEELY,2232936520267706368
6035036300896,GEELY,2232936520271900672
6035036400896,GEELY,2232936520368369664
6035036500896,GEELY,2232936520896851968
2026000700,GEELY,2232936521064624128
4017003600,GEELY,2232936521190453248
4017003700,GEELY,2232936521249173504
4017005900,GEELY,2232936521769267200
4017006200,GEELY,2232936521865736192
4017006300,GEELY,2232936521983176704
4017006400,GEELY,2232936522054479872
6025024100,GEELY,2232936522612322304
JQ729F45,GEELY,2232936276805136384
4048019900,GEELY,2232936276792553472
404801990001,GEELY,2232936276800942080
404801990002,GEELY,2232936282295480320
405001050001,GEELY,2232936282324840448
4050010500,GEELY,2232936282333229056
405001050002,GEELY,2232936283285336064
1022001300,GEELY,2232936283235004416
JQ727255,GEELY,2232936283222421504
1044024300,GEELY,2232936284040310784
1033531200,GEELY,2232936284140974080
1066001500,GEELY,2232936284107419648
1046001400,GEELY,2232936284891754496
2010026500,GEELY,2232936515461033984
2010035700,GEELY,2232936515469422592
2010050100,GEELY,2232936515662360576
2010052500,GEELY,2232936515834327040
2010059700,GEELY,2232936516165677056
4013057900,GEELY,2232936516299894784
2052000100,GEELY,2232936516329254912
4048031800,GEELY,2232936516526387200
4050026000,GEELY,2232936516937428992
6059047600,GEELY,2232936517071646720
6059048100,GEELY,2232936517101006848
7090020100,GEELY,2232936517344276480
4060001100,GEELY,2232936517772095488
2029029300,GEELY,2232936517868564480
8022021100,GEELY,2232936517835010048
2069023000,GEELY,2232936518132805632
2069023100,GEELY,2232936518489321472
2069024500,GEELY,2232936518644510720
2069525900,GEELY,2232936518703230976
1033001900,GEELY,2232936518879391744
4050043000,GEELY,2232936519210741760
4050041000,GEELY,2232936519495954432
4050086200,GEELY,2232936519495954437
6035023700898,GEELY,2232936519646949376
6035023800898,GEELY,2232936519995076608
6035023900898,GEELY,2232936520267706368
6035036300896,GEELY,2232936520271900672
6035036400896,GEELY,2232936520368369664
6035036500896,GEELY,2232936520896851968
2026000700,GEELY,2232936521064624128
4017003600,GEELY,2232936521190453248
4017003700,GEELY,2232936521249173504
4017005900,GEELY,2232936521769267200
4017006200,GEELY,2232936521865736192
4017006300,GEELY,2232936521983176704
4017006400,GEELY,2232936522054479872
6025024100,GEELY,2232936522612322304
JQ729F45,GEELY,2232936276805136384
4048019900,GEELY,2232936276792553472
404801990001,GEELY,2232936276800942080
404801990002,GEELY,2232936282295480320
405001050001,GEELY,2232936282324840448
4050010500,GEELY,2232936282333229056
405001050002,GEELY,2232936283285336064
1022001300,GEELY,2232936283235004416
JQ727255,GEELY,2232936283222421504
1044024300,GEELY,2232936284040310784
1033531200,GEELY,2232936284140974080
1066001500,GEELY,2232936284107419648
1046001400,GEELY,2232936284891754496
2010026500,GEELY,2232936515461033984
2010035700,GEELY,2232936515469422592
2010050100,GEELY,2232936515662360576
2010052500,GEELY,2232936515834327040
2010059700,GEELY,2232936516165677056
4013057900,GEELY,2232936516299894784
2052000100,GEELY,2232936516329254912
4048031800,GEELY,2232936516526387200
4050026000,GEELY,2232936516937428992
6059047600,GEELY,2232936517071646720
6059048100,GEELY,2232936517101006848
7090020100,GEELY,2232936517344276480
4060001100,GEELY,2232936517772095488
2029029300,GEELY,2232936517868564480
8022021100,GEELY,2232936517835010048
2069023000,GEELY,2232936518132805632
2069023100,GEELY,2232936518489321472
2069024500,GEELY,2232936518644510720
2069525900,GEELY,2232936518703230976
1033001900,GEELY,2232936518879391744
4050043000,GEELY,2232936519210741760
4050041000,GEELY,2232936519495954432
4050086200,GEELY,2232936519495954437
6035023700898,GEELY,2232936519646949376
6035023800898,GEELY,2232936519995076608
6035023900898,GEELY,2232936520267706368
6035036300896,GEELY,2232936520271900672
6035036400896,GEELY,2232936520368369664
6035036500896,GEELY,2232936520896851968
2026000700,GEELY,2232936521064624128
4017003600,GEELY,2232936521190453248
4017003700,GEELY,2232936521249173504
4017005900,GEELY,2232936521769267200
4017006200,GEELY,2232936521865736192
4017006300,GEELY,2232936521983176704
4017006400,GEELY,2232936522054479872
6025024100,GEELY,2232936522612322304
JQ729F45,GEELY,2232936276805136384
4048019900,GEELY,2232936276792553472
404801990001,GEELY,2232936276800942080
404801990002,GEELY,2232936282295480320
405001050001,GEELY,2232936282324840448
4050010500,GEELY,2232936282333229056
405001050002,GEELY,2232936283285336064
1022001300,GEELY,2232936283235004416
JQ727255,GEELY,2232936283222421504
1044024300,GEELY,2232936284040310784
1033531200,GEELY,2232936284140974080
1066001500,GEELY,2232936284107419648
1046001400,GEELY,2232936284891754496
2010026500,GEELY,2232936515461033984
2010035700,GEELY,2232936515469422592
2010050100,GEELY,2232936515662360576
2010052500,GEELY,2232936515834327040
2010059700,GEELY,2232936516165677056
4013057900,GEELY,2232936516299894784
2052000100,GEELY,2232936516329254912
4048031800,GEELY,2232936516526387200
4050026000,GEELY,2232936516937428992
6059047600,GEELY,2232936517071646720
6059048100,GEELY,2232936517101006848
7090020100,GEELY,2232936517344276480
4060001100,GEELY,2232936517772095488
2029029300,GEELY,2232936517868564480
8022021100,GEELY,2232936517835010048
2069023000,GEELY,2232936518132805632
2069023100,GEELY,2232936518489321472
2069024500,GEELY,2232936518644510720
2069525900,GEELY,2232936518703230976
1033001900,GEELY,2232936518879391744
4050043000,GEELY,2232936519210741760
4050041000,GEELY,2232936519495954432
4050086200,GEELY,2232936519495954437
6035023700898,GEELY,2232936519646949376
6035023800898,GEELY,2232936519995076608
6035023900898,GEELY,2232936520267706368
6035036300896,GEELY,2232936520271900672
6035036400896,GEELY,2232936520368369664
6035036500896,GEELY,2232936520896851968
2026000700,GEELY,2232936521064624128
4017003600,GEELY,2232936521190453248
4017003700,GEELY,2232936521249173504
4017005900,GEELY,2232936521769267200
4017006200,GEELY,2232936521865736192
4017006300,GEELY,2232936521983176704
4017006400,GEELY,2232936522054479872
6025024100,GEELY,2232936522612322304
JQ729F45,GEELY,2232936276805136384
4048019900,GEELY,2232936276792553472
404801990001,GEELY,2232936276800942080
404801990002,GEELY,2232936282295480320
405001050001,GEELY,2232936282324840448
4050010500,GEELY,2232936282333229056
405001050002,GEELY,2232936283285336064
1022001300,GEELY,2232936283235004416
JQ727255,GEELY,2232936283222421504
1044024300,GEELY,2232936284040310784
1033531200,GEELY,2232936284140974080
1066001500,GEELY,2232936284107419648
1046001400,GEELY,2232936284891754496
2010026500,GEELY,2232936515461033984
2010035700,GEELY,2232936515469422592
2010050100,GEELY,2232936515662360576
2010052500,GEELY,2232936515834327040
2010059700,GEELY,2232936516165677056
4013057900,GEELY,2232936516299894784
2052000100,GEELY,2232936516329254912
4048031800,GEELY,2232936516526387200
4050026000,GEELY,2232936516937428992
6059047600,GEELY,2232936517071646720
6059048100,GEELY,2232936517101006848
7090020100,GEELY,2232936517344276480
4060001100,GEELY,2232936517772095488
2029029300,GEELY,2232936517868564480
8022021100,GEELY,2232936517835010048
2069023000,GEELY,2232936518132805632
2069023100,GEELY,2232936518489321472
2069024500,GEELY,2232936518644510720
2069525900,GEELY,2232936518703230976
1033001900,GEELY,2232936518879391744
4050043000,GEELY,2232936519210741760
4050041000,GEELY,2232936519495954432
4050086200,GEELY,2232936519495954437
6035023700898,GEELY,2232936519646949376
6035023800898,GEELY,2232936519995076608
6035023900898,GEELY,2232936520267706368
6035036300896,GEELY,2232936520271900672
6035036400896,GEELY,2232936520368369664
6035036500896,GEELY,2232936520896851968
2026000700,GEELY,2232936521064624128
4017003600,GEELY,2232936521190453248
4017003700,GEELY,2232936521249173504
4017005900,GEELY,2232936521769267200
4017006200,GEELY,2232936521865736192
4017006300,GEELY,2232936521983176704
4017006400,GEELY,2232936522054479872
6025024100,GEELY,2232936522612322304
JQ729F45,GEELY,2232936276805136384
4048019900,GEELY,2232936276792553472
404801990001,GEELY,2232936276800942080
404801990002,GEELY,2232936282295480320
405001050001,GEELY,2232936282324840448
4050010500,GEELY,2232936282333229056
405001050002,GEELY,2232936283285336064
1022001300,GEELY,2232936283235004416
JQ727255,GEELY,2232936283222421504
1044024300,GEELY,2232936284040310784
1033531200,GEELY,2232936284140974080
1066001500,GEELY,2232936284107419648
1046001400,GEELY,2232936284891754496
2010026500,GEELY,2232936515461033984
2010035700,GEELY,2232936515469422592
2010050100,GEELY,2232936515662360576
2010052500,GEELY,2232936515834327040
2010059700,GEELY,2232936516165677056
4013057900,GEELY,2232936516299894784
2052000100,GEELY,2232936516329254912
4048031800,GEELY,2232936516526387200
4050026000,GEELY,2232936516937428992
6059047600,GEELY,2232936517071646720
6059048100,GEELY,2232936517101006848
7090020100,GEELY,2232936517344276480
4060001100,GEELY,2232936517772095488
2029029300,GEELY,2232936517868564480
8022021100,GEELY,2232936517835010048
2069023000,GEELY,2232936518132805632
2069023100,GEELY,2232936518489321472
2069024500,GEELY,2232936518644510720
2069525900,GEELY,2232936518703230976
1033001900,GEELY,2232936518879391744
4050043000,GEELY,2232936519210741760
4050041000,GEELY,2232936519495954432
4050086200,GEELY,2232936519495954437
6035023700898,GEELY,2232936519646949376
6035023800898,GEELY,2232936519995076608
6035023900898,GEELY,2232936520267706368
6035036300896,GEELY,2232936520271900672
6035036400896,GEELY,2232936520368369664
6035036500896,GEELY,2232936520896851968
2026000700,GEELY,2232936521064624128
4017003600,GEELY,2232936521190453248
4017003700,GEELY,2232936521249173504
4017005900,GEELY,2232936521769267200
4017006200,GEELY,2232936521865736192
4017006300,GEELY,2232936521983176704
4017006400,GEELY,2232936522054479872
6025024100,GEELY,2232936522612322304
JQ729F45,GEELY,2232936276805136384
4048019900,GEELY,2232936276792553472
404801990001,GEELY,2232936276800942080
404801990002,GEELY,2232936282295480320
405001050001,GEELY,2232936282324840448
4050010500,GEELY,2232936282333229056
405001050002,GEELY,2232936283285336064
1022001300,GEELY,2232936283235004416
JQ727255,GEELY,2232936283222421504
1044024300,GEELY,2232936284040310784
1033531200,GEELY,2232936284140974080
1066001500,GEELY,2232936284107419648
1046001400,GEELY,2232936284891754496
2010026500,GEELY,2232936515461033984
2010035700,GEELY,2232936515469422592
2010050100,GEELY,2232936515662360576
2010052500,GEELY,2232936515834327040
2010059700,GEELY,2232936516165677056
4013057900,GEELY,2232936516299894784
2052000100,GEELY,2232936516329254912
4048031800,GEELY,2232936516526387200
4050026000,GEELY,2232936516937428992
6059047600,GEELY,2232936517071646720
6059048100,GEELY,2232936517101006848
7090020100,GEELY,2232936517344276480
4060001100,GEELY,2232936517772095488
2029029300,GEELY,2232936517868564480
8022021100,GEELY,2232936517835010048
2069023000,GEELY,2232936518132805632
2069023100,GEELY,2232936518489321472
2069024500,GEELY,2232936518644510720
2069525900,GEELY,2232936518703230976
1033001900,GEELY,2232936518879391744
4050043000,GEELY,2232936519210741760
4050041000,GEELY,2232936519495954432
4050086200,GEELY,2232936519495954437
6035023700898,GEELY,2232936519646949376
6035023800898,GEELY,2232936519995076608
6035023900898,GEELY,2232936520267706368
6035036300896,GEELY,2232936520271900672
6035036400896,GEELY,2232936520368369664
6035036500896,GEELY,2232936520896851968
2026000700,GEELY,2232936521064624128
4017003600,GEELY,2232936521190453248
4017003700,GEELY,2232936521249173504
4017005900,GEELY,2232936521769267200
4017006200,GEELY,2232936521865736192
4017006300,GEELY,2232936521983176704
4017006400,GEELY,2232936522054479872
6025024100,GEELY,2232936522612322304
JQ729F45,GEELY,2232936276805136384
4048019900,GEELY,2232936276792553472
404801990001,GEELY,2232936276800942080
404801990002,GEELY,2232936282295480320
405001050001,GEELY,2232936282324840448
4050010500,GEELY,2232936282333229056
405001050002,GEELY,2232936283285336064
1022001300,GEELY,2232936283235004416
JQ727255,GEELY,2232936283222421504
1044024300,GEELY,2232936284040310784
1033531200,GEELY,2232936284140974080
1066001500,GEELY,2232936284107419648
1046001400,GEELY,2232936284891754496
2010026500,GEELY,2232936515461033984
2010035700,GEELY,2232936515469422592
2010050100,GEELY,2232936515662360576
2010052500,GEELY,2232936515834327040
2010059700,GEELY,2232936516165677056
4013057900,GEELY,2232936516299894784
2052000100,GEELY,2232936516329254912
4048031800,GEELY,2232936516526387200
4050026000,GEELY,2232936516937428992
6059047600,GEELY,2232936517071646720
6059048100,GEELY,2232936517101006848
7090020100,GEELY,2232936517344276480
4060001100,GEELY,2232936517772095488
2029029300,GEELY,2232936517868564480
8022021100,GEELY,2232936517835010048
2069023000,GEELY,2232936518132805632
2069023100,GEELY,2232936518489321472
2069024500,GEELY,2232936518644510720
2069525900,GEELY,2232936518703230976
1033001900,GEELY,2232936518879391744
4050043000,GEELY,2232936519210741760
4050041000,GEELY,2232936519495954432
4050086200,GEELY,2232936519495954437
6035023700898,GEELY,2232936519646949376
6035023800898,GEELY,2232936519995076608
6035023900898,GEELY,2232936520267706368
6035036300896,GEELY,2232936520271900672
6035036400896,GEELY,2232936520368369664
6035036500896,GEELY,2232936520896851968
2026000700,GEELY,2232936521064624128
4017003600,GEELY,2232936521190453248
4017003700,GEELY,2232936521249173504
4017005900,GEELY,2232936521769267200
4017006200,GEELY,2232936521865736192
4017006300,GEELY,2232936521983176704
4017006400,GEELY,2232936522054479872
6025024100,GEELY,2232936522612322304
JQ729F45,GEELY,2232936276805136384
4048019900,GEELY,2232936276792553472
404801990001,GEELY,2232936276800942080
404801990002,GEELY,2232936282295480320
405001050001,GEELY,2232936282324840448
4050010500,GEELY,2232936282333229056
405001050002,GEELY,2232936283285336064
1022001300,GEELY,2232936283235004416
JQ727255,GEELY,2232936283222421504
1044024300,GEELY,2232936284040310784
1033531200,GEELY,2232936284140974080
1066001500,GEELY,2232936284107419648
1046001400,GEELY,2232936284891754496
2010026500,GEELY,2232936515461033984
2010035700,GEELY,2232936515469422592
2010050100,GEELY,2232936515662360576
2010052500,GEELY,2232936515834327040
2010059700,GEELY,2232936516165677056
4013057900,GEELY,2232936516299894784
2052000100,GEELY,2232936516329254912
4048031800,GEELY,2232936516526387200
4050026000,GEELY,2232936516937428992
6059047600,GEELY,2232936517071646720
6059048100,GEELY,2232936517101006848
7090020100,GEELY,2232936517344276480
4060001100,GEELY,2232936517772095488
2029029300,GEELY,2232936517868564480
8022021100,GEELY,2232936517835010048
2069023000,GEELY,2232936518132805632
2069023100,GEELY,2232936518489321472
2069024500,GEELY,2232936518644510720
2069525900,GEELY,2232936518703230976
1033001900,GEELY,2232936518879391744
4050043000,GEELY,2232936519210741760
4050041000,GEELY,2232936519495954432
4050086200,GEELY,2232936519495954437
6035023700898,GEELY,2232936519646949376
6035023800898,GEELY,2232936519995076608
6035023900898,GEELY,2232936520267706368
6035036300896,GEELY,2232936520271900672
6035036400896,GEELY,2232936520368369664
6035036500896,GEELY,2232936520896851968
2026000700,GEELY,2232936521064624128
4017003600,GEELY,2232936521190453248
4017003700,GEELY,2232936521249173504
4017005900,GEELY,2232936521769267200
4017006200,GEELY,2232936521865736192
4017006300,GEELY,2232936521983176704
4017006400,GEELY,2232936522054479872
6025024100,GEELY,2232936522612322304
JQ729F45,GEELY,2232936276805136384
4048019900,GEELY,2232936276792553472
404801990001,GEELY,2232936276800942080
404801990002,GEELY,2232936282295480320
405001050001,GEELY,2232936282324840448
4050010500,GEELY,2232936282333229056
405001050002,GEELY,2232936283285336064
1022001300,GEELY,2232936283235004416
JQ727255,GEELY,2232936283222421504
1044024300,GEELY,2232936284040310784
1033531200,GEELY,2232936284140974080
1066001500,GEELY,2232936284107419648
1046001400,GEELY,2232936284891754496
2010026500,GEELY,2232936515461033984
2010035700,GEELY,2232936515469422592
2010050100,GEELY,2232936515662360576
2010052500,GEELY,2232936515834327040
2010059700,GEELY,2232936516165677056
4013057900,GEELY,2232936516299894784
2052000100,GEELY,2232936516329254912
4048031800,GEELY,2232936516526387200
4050026000,GEELY,2232936516937428992
6059047600,GEELY,2232936517071646720
6059048100,GEELY,2232936517101006848
7090020100,GEELY,2232936517344276480
4060001100,GEELY,2232936517772095488
2029029300,GEELY,2232936517868564480
8022021100,GEELY,2232936517835010048
2069023000,GEELY,2232936518132805632
2069023100,GEELY,2232936518489321472
2069024500,GEELY,2232936518644510720
2069525900,GEELY,2232936518703230976
1033001900,GEELY,2232936518879391744
4050043000,GEELY,2232936519210741760
4050041000,GEELY,2232936519495954432
4050086200,GEELY,2232936519495954437
6035023700898,GEELY,2232936519646949376
6035023800898,GEELY,2232936519995076608
6035023900898,GEELY,2232936520267706368
6035036300896,GEELY,2232936520271900672
6035036400896,GEELY,2232936520368369664
6035036500896,GEELY,2232936520896851968
2026000700,GEELY,2232936521064624128
4017003600,GEELY,2232936521190453248
4017003700,GEELY,2232936521249173504
4017005900,GEELY,2232936521769267200
4017006200,GEELY,2232936521865736192
4017006300,GEELY,2232936521983176704
4017006400,GEELY,2232936522054479872
6025024100,GEELY,2232936522612322304
JQ729F45,GEELY,2232936276805136384
4048019900,GEELY,2232936276792553472
404801990001,GEELY,2232936276800942080
404801990002,GEELY,2232936282295480320
405001050001,GEELY,2232936282324840448
4050010500,GEELY,2232936282333229056
405001050002,GEELY,2232936283285336064
1022001300,GEELY,2232936283235004416
JQ727255,GEELY,2232936283222421504
1044024300,GEELY,2232936284040310784
1033531200,GEELY,2232936284140974080
1066001500,GEELY,2232936284107419648
1046001400,GEELY,2232936284891754496
2010026500,GEELY,2232936515461033984
2010035700,GEELY,2232936515469422592
2010050100,GEELY,2232936515662360576
2010052500,GEELY,2232936515834327040
2010059700,GEELY,2232936516165677056
4013057900,GEELY,2232936516299894784
2052000100,GEELY,2232936516329254912
4048031800,GEELY,2232936516526387200
4050026000,GEELY,2232936516937428992
6059047600,GEELY,2232936517071646720
6059048100,GEELY,2232936517101006848
7090020100,GEELY,2232936517344276480
4060001100,GEELY,2232936517772095488
2029029300,GEELY,2232936517868564480
8022021100,GEELY,2232936517835010048
2069023000,GEELY,2232936518132805632
2069023100,GEELY,2232936518489321472
2069024500,GEELY,2232936518644510720
2069525900,GEELY,2232936518703230976
1033001900,GEELY,2232936518879391744
4050043000,GEELY,2232936519210741760
4050041000,GEELY,2232936519495954432
4050086200,GEELY,2232936519495954437
6035023700898,GEELY,2232936519646949376
6035023800898,GEELY,2232936519995076608
6035023900898,GEELY,2232936520267706368
6035036300896,GEELY,2232936520271900672
6035036400896,GEELY,2232936520368369664
6035036500896,GEELY,2232936520896851968
2026000700,GEELY,2232936521064624128
4017003600,GEELY,2232936521190453248
4017003700,GEELY,2232936521249173504
4017005900,GEELY,2232936521769267200
4017006200,GEELY,2232936521865736192
4017006300,GEELY,2232936521983176704
4017006400,GEELY,2232936522054479872
6025024100,GEELY,2232936522612322304
JQ729F45,GEELY,2232936276805136384
4048019900,GEELY,2232936276792553472
404801990001,GEELY,2232936276800942080
404801990002,GEELY,2232936282295480320
405001050001,GEELY,2232936282324840448
4050010500,GEELY,2232936282333229056
405001050002,GEELY,2232936283285336064
1022001300,GEELY,2232936283235004416
JQ727255,GEELY,2232936283222421504
1044024300,GEELY,2232936284040310784
1033531200,GEELY,2232936284140974080
1066001500,GEELY,2232936284107419648