partsNum,partsBrandName,productId
A 166 830 02 18,Mercedes-Benz,2215462975772205059
A 274 200 01 15,Mercedes-Benz,2215513094332784643
A 270 180 01 09,Mercedes-Benz,2215511955910598659
A 169 540 16 17,Mercedes-Benz,2215465732667252739
A 205 835 01 47,Mercedes-Benz,2215477420518973443
A 211 540 17 17,Mercedes-Benz,2215484378793811971
A 276 094 05 04,Mercedes-Benz,2215513564560400387
A 270 159 07 00,Mercedes-Benz,2215511953322713091
A 246 540 25 10,Mercedes-Benz,2215505261298098179
A 270 159 06 00,Mercedes-Benz,2215511952660013059
A 001 982 82 08,Mercedes-Benz,2215454400727392259
A 000 159 05 00,Mercedes-Benz,2215451854096998403
A 001 982 73 08,Mercedes-Benz,2215454397745242115
A 276 180 00 09,Mercedes-Benz,2215513661046169603
N 000000 004039,Mercedes-Benz,2215518645137612803
A 210 501 06 15,Mercedes-Benz,2215482507484110851
A 016 997 50 45,Mercedes-Benz,2215455631113887747
A 212 240 04 18,Mercedes-Benz,2215486031798378499
A 274 094 01 04,Mercedes-Benz,2215513035931295747
A 204 240 42 17,Mercedes-Benz,2215470895222136835
A 270 200 06 15,Mercedes-Benz,2215511979465809923
A 007 420 77 20,Mercedes-Benz,2215455428021493763
A 000 982 96 08,Mercedes-Benz,2215453996694282243
A 166 240 58 17,Mercedes-Benz,2215461475264143363
A 276 050 36 00,Mercedes-Benz,2215513484352724995
A 166 240 59 17,Mercedes-Benz,2215461475796819971
A 272 184 02 80,Mercedes-Benz,2215512610150719491
A 000 420 31 05,Mercedes-Benz,2215451991460454403
A 272 184 00 80,Mercedes-Benz,2215512608905011203
A 166 320 03 25,Mercedes-Benz,2215461506759172099
A 272 200 02 70,Mercedes-Benz,2215512617457197059
A 000 421 25 12,Mercedes-Benz,2215452092027281411
A 212 320 03 58,Mercedes-Benz,2215486112521953283
A 205 330 45 07,Mercedes-Benz,2215475098615193603
A 000 420 88 04,Mercedes-Benz,2215452045466312707
A 264 094 02 00,Mercedes-Benz,2215511560870076419
A 000 180 26 09,Mercedes-Benz,2215451861659328515
A 212 830 03 18,Mercedes-Benz,2215488007990845443
A 164 540 10 17,Mercedes-Benz,2215459773509181443
A 000 420 98 05,Mercedes-Benz,2215452062692319235
A 276 200 03 70,Mercedes-Benz,2215513685830311939
A 099 500 13 03,Mercedes-Benz,2215456011570814979
A 273 094 09 48,Mercedes-Benz,2215512735585574915
A 253 240 03 00,Mercedes-Benz,2215508566988464131
A 212 240 72 17,Mercedes-Benz,2215486056293113859
A 222 421 51 00,Mercedes-Benz,2215500906419363843
A 204 500 07 49,Mercedes-Benz,2215471796875862019
A 273 094 04 04,Mercedes-Benz,2215512733324845059
A 212 320 11 89,Mercedes-Benz,2215486121644564483
A 271 200 03 15,Mercedes-Benz,2215512323524567043
A 271 016 12 21,Mercedes-Benz,2215512099120914435
A 166 330 01 43,Mercedes-Benz,2215461591547027459
A 274 202 00 19,Mercedes-Benz,2215513141917163523
A 253 240 02 00,Mercedes-Benz,2215508566384484355
A 212 320 12 89,Mercedes-Benz,2215486122214989827
A 274 200 06 15,Mercedes-Benz,2215513106110390275
A 000 421 28 12,Mercedes-Benz,2215452094938128387
A 166 320 01 04,Mercedes-Benz,2215461501247856643
A 278 052 03 16,Mercedes-Benz,2215513907524444163
A 222 820 11 45,Mercedes-Benz,2215502263813578755
A 023 997 84 47,Mercedes-Benz,2215455715712999427
A 222 423 10 00,Mercedes-Benz,2215500918847086595
A 166 330 02 43,Mercedes-Benz,2215461595032494083
A 007 420 67 20,Mercedes-Benz,2215455422342406147
A 205 240 25 00,Mercedes-Benz,2215474837364580355
A 276 200 03 15,Mercedes-Benz,2215513684727209987
A 205 905 34 14,Mercedes-Benz,2215479082511933443
A 654 094 00 04,Mercedes-Benz,2215518391596130307
A 000 420 82 00,Mercedes-Benz,2215452037161590787
A 278 180 04 15,Mercedes-Benz,2215514003762749440
A 272 050 68 47,Mercedes-Benz,2215512491665825795
A 166 240 09 18,Mercedes-Benz,2215461459850076163
A 231 905 00 14,Mercedes-Benz,2215504200076271619
A 272 906 00 60,Mercedes-Benz,2215512659123412995
A 271 180 14 10,Mercedes-Benz,2215512316205506563
A 274 200 02 56,Mercedes-Benz,2215513098753581059
A 166 330 17 07,Mercedes-Benz,2215461607552491523
A 166 500 00 49,Mercedes-Benz,2215462052568145923
A 007 420 75 20,Mercedes-Benz,2215455426796756995
A 003 993 53 96,Mercedes-Benz,2215454923413168131
A 000 053 51 58,Mercedes-Benz,2213428519602446342
A 167 835 02 00,Mercedes-Benz,2215464844615655427
A 166 423 06 00,Mercedes-Benz,2215461765719695363
A 246 830 00 18,Mercedes-Benz,2215505704120131587
A 276 050 39 00,Mercedes-Benz,2215513486152081411
A 276 050 38 00,Mercedes-Benz,2215513485548101635
A 167 835 04 00,Mercedes-Benz,2215464845202857987
A 166 323 14 65,Mercedes-Benz,2215461572148371456
A 166 500 08 75,Mercedes-Benz,2215462070276497411
A 272 203 01 80,Mercedes-Benz,2215512630329516035
A 000 423 18 12,Mercedes-Benz,2215452174952865795
A 222 830 04 18,Mercedes-Benz,2215502364300713987
A 166 333 02 00,Mercedes-Benz,2215461620210900995
A 008 420 02 20,Mercedes-Benz,2215455471864553475
A 276 050 26 00,Mercedes-Benz,2215513482037469187
A 000 423 09 12,Mercedes-Benz,2215452163611467779
A 166 330 01 07,Mercedes-Benz,2215461590955630595
A 204 240 43 17,Mercedes-Benz,2215470895763202051
A 004 159 49 03,Mercedes-Benz,2215454987032371203
A 000 140 51 85,Mercedes-Benz,2215451803350114307
A 256 905 02 00,Mercedes-Benz,2215511010711609347
A 271 016 13 21,Mercedes-Benz,2215512100236599299
A 166 333 01 00,Mercedes-Benz,2215461619602726915
A 166 421 16 00,Mercedes-Benz,2215461749466767363
A 276 050 25 00,Mercedes-Benz,2215513481441878019
A 204 330 80 11,Mercedes-Benz,2215471153775812611
A 271 200 24 52,Mercedes-Benz,2215512330214481923
A 166 330 18 07,Mercedes-Benz,2215461608152276995
A 166 330 02 07,Mercedes-Benz,2215461593849700355
A 205 330 61 01,Mercedes-Benz,2215475105804230659
A 274 200 14 07,Mercedes-Benz,2215513117388873731
A 230 830 00 84,Mercedes-Benz,2215504118442532867
A 000 993 39 00,Mercedes-Benz,2215454070413369347
A 022 997 98 48,Mercedes-Benz,2215455702165397507
A 000 010 03 01,Mercedes-Benz,2213428501210423302
A 000 982 93 08,Mercedes-Benz,2215453993686966275
A 271 050 14 00,Mercedes-Benz,2215512159883796483
A 000 830 67 00,Mercedes-Benz,2215452776130846723
A 007 420 95 20,Mercedes-Benz,2215455438532419587
A 270 180 05 00,Mercedes-Benz,2215511961849733123
A 254 159 00 00,Mercedes-Benz,2215510193094959107
A 166 320 07 89,Mercedes-Benz,2215461516775170051
A 166 830 72 01,Mercedes-Benz,2215463060211933187
A 246 320 06 89,Mercedes-Benz,2215504964060356611
A 000 906 15 03,Mercedes-Benz,2215453744041992195
A 001 993 18 96,Mercedes-Benz,2215454426962763779
A 205 330 62 01,Mercedes-Benz,2215475107247071235
A 213 320 08 30,Mercedes-Benz,2215489738699087875
A 253 323 00 20,Mercedes-Benz,2215508618624540675
A 276 156 07 90,Mercedes-Benz,2215513654452723715
A 166 320 08 89,Mercedes-Benz,2215461519669239811
A 204 320 07 89,Mercedes-Benz,2215471027699228675
A 166 421 15 00,Mercedes-Benz,2215461748841816067
A 274 200 07 15,Mercedes-Benz,2215513107721003011
A 204 320 22 89,Mercedes-Benz,2215471039426502659
A 166 830 03 18,Mercedes-Benz,2215462978850824195
A 004 159 58 03,Mercedes-Benz,2215454988240330755
A 166 333 00 00,Mercedes-Benz,2215461618952609795
A 002 993 11 96,Mercedes-Benz,2215454698724302851
A 166 423 07 00,Mercedes-Benz,2215461768034951171
A 205 820 57 00,Mercedes-Benz,2215477230030462979
A 000 993 10 78,Mercedes-Benz,2215454058551877635
A 272 050 52 47,Mercedes-Benz,2215512486917873665
A 272 050 53 47,Mercedes-Benz,2215512488029364227
A 274 200 12 70,Mercedes-Benz,2215513115073617923
A 271 050 15 00,Mercedes-Benz,2215512161561518083
A 213 320 62 04,Mercedes-Benz,2215489772354183171
A 238 501 94 00,Mercedes-Benz,2215504357081653251
A 221 240 05 18,Mercedes-Benz,2215497252354301955
A 171 540 06 17,Mercedes-Benz,2215466592679927811
A 004 159 18 03,Mercedes-Benz,2215454982506717187
A 112 018 00 80,Mercedes-Benz,2215456885319835651
A 000 421 27 12,Mercedes-Benz,2215452093751140355
A 270 200 00 00,Mercedes-Benz,2215511967902113795
A 001 982 81 08,Mercedes-Benz,2215454400060497923
A 271 050 09 11,Mercedes-Benz,2215512155660132355
A 222 330 01 07,Mercedes-Benz,2215500701045268483
A 205 820 45 03,Mercedes-Benz,2215477223881613315
A 004 159 81 03,Mercedes-Benz,2215454993067974659
A 270 094 00 04,Mercedes-Benz,2215511932628017155
A 166 320 51 66,Mercedes-Benz,2215223576920760323
A 246 500 00 49,Mercedes-Benz,2215505211570429955
A 000 420 87 03,Mercedes-Benz,2215452043578875907
A 278 180 00 09,Mercedes-Benz,2215513997286744067
A 222 330 02 07,Mercedes-Benz,2215500702144176131
A 000 420 97 00,Mercedes-Benz,2215452060335120387
A 008 420 18 20,Mercedes-Benz,2215455476440539139
A 256 070 56 00,Mercedes-Benz,2215510920613765123
A 272 010 06 31,Mercedes-Benz,2215512374099484675
A 205 501 53 01,Mercedes-Benz,2215475758261772291
A 166 500 86 75,Mercedes-Benz,2215462128577323011
A 000 997 64 20,Mercedes-Benz,2215454131922837507
A 019 997 37 45,Mercedes-Benz,2215455658066485251
A 205 330 56 01,Mercedes-Benz,2215475101484097539
A 276 018 23 00,Mercedes-Benz,2215513426039316480
A 001 993 78 96,Mercedes-Benz,2215454429487734787
A 000 982 18 08,Mercedes-Benz,2215453941778259971
A 205 320 71 30,Mercedes-Benz,2215474958236033027
A 205 330 55 01,Mercedes-Benz,2215475100813008899
A 204 323 39 00,Mercedes-Benz,2215471101237960707
A 021 997 97 45,Mercedes-Benz,2215455685828583427
A 003 993 85 96,Mercedes-Benz,2215454928651853827
A 000 420 30 02,Mercedes-Benz,2215451989224890371
A 246 240 08 09,Mercedes-Benz,2215504943516655619
A 204 501 09 25,Mercedes-Benz,2215471834289053699
A 007 420 66 20,Mercedes-Benz,2215455421759397891
A 013 997 90 45,Mercedes-Benz,2215455598498979843
A 276 905 09 00,Mercedes-Benz,2215513762061787136
A 278 070 06 87,Mercedes-Benz,2215513914776395779
A 213 820 59 01,Mercedes-Benz,2215491106486788099
A 205 330 19 07,Mercedes-Benz,2215475082852999171
A 271 180 05 09,Mercedes-Benz,2215512313957359619
A 169 820 17 45,Mercedes-Benz,2215466102986547203
A 222 330 33 07,Mercedes-Benz,2215500710021079043
A 222 906 38 01,Mercedes-Benz,2215503734646939651
A 014 997 68 45,Mercedes-Benz,2215455615368470531
A 222 830 03 18,Mercedes-Benz,2215502361595387907
A 222 830 36 96,Mercedes-Benz,2215502407283941376
A 274 200 13 70,Mercedes-Benz,2215513116252217347
A 271 200 04 70,Mercedes-Benz,2215512324606697475
A 021 997 97 45,Mercedes-Benz,2215455685828583427
A 003 993 85 96,Mercedes-Benz,2215454928651853827
A 000 420 30 02,Mercedes-Benz,2215451989224890371
A 246 240 08 09,Mercedes-Benz,2215504943516655619
A 204 501 09 25,Mercedes-Benz,2215471834289053699
A 007 420 66 20,Mercedes-Benz,2215455421759397891
A 013 997 90 45,Mercedes-Benz,2215455598498979843
A 276 905 09 00,Mercedes-Benz,2215513762061787136
A 278 070 06 87,Mercedes-Benz,2215513914776395779
A 213 820 59 01,Mercedes-Benz,2215491106486788099
A 205 330 19 07,Mercedes-Benz,2215475082852999171
A 271 180 05 09,Mercedes-Benz,2215512313957359619
A 169 820 17 45,Mercedes-Benz,2215466102986547203
A 222 330 33 07,Mercedes-Benz,2215500710021079043
A 222 906 38 01,Mercedes-Benz,2215503734646939651
A 014 997 68 45,Mercedes-Benz,2215455615368470531
A 222 830 03 18,Mercedes-Benz,2215502361595387907
A 222 830 36 96,Mercedes-Benz,2215502407283941376
A 274 200 13 70,Mercedes-Benz,2215513116252217347
A 271 200 04 70,Mercedes-Benz,2215512324606697475
A 021 997 97 45,Mercedes-Benz,2215455685828583427
A 003 993 85 96,Mercedes-Benz,2215454928651853827
A 000 420 30 02,Mercedes-Benz,2215451989224890371
A 246 240 08 09,Mercedes-Benz,2215504943516655619
A 204 501 09 25,Mercedes-Benz,2215471834289053699
A 007 420 66 20,Mercedes-Benz,2215455421759397891
A 013 997 90 45,Mercedes-Benz,2215455598498979843
A 276 905 09 00,Mercedes-Benz,2215513762061787136
A 278 070 06 87,Mercedes-Benz,2215513914776395779
A 213 820 59 01,Mercedes-Benz,2215491106486788099
A 205 330 19 07,Mercedes-Benz,2215475082852999171
A 271 180 05 09,Mercedes-Benz,2215512313957359619
A 169 820 17 45,Mercedes-Benz,2215466102986547203
A 222 330 33 07,Mercedes-Benz,2215500710021079043
A 222 906 38 01,Mercedes-Benz,2215503734646939651
A 014 997 68 45,Mercedes-Benz,2215455615368470531
A 222 830 03 18,Mercedes-Benz,2215502361595387907
A 222 830 36 96,Mercedes-Benz,2215502407283941376
A 274 200 13 70,Mercedes-Benz,2215513116252217347
A 271 200 04 70,Mercedes-Benz,2215512324606697475
A 021 997 97 45,Mercedes-Benz,2215455685828583427
A 003 993 85 96,Mercedes-Benz,2215454928651853827
A 000 420 30 02,Mercedes-Benz,2215451989224890371
A 246 240 08 09,Mercedes-Benz,2215504943516655619
A 204 501 09 25,Mercedes-Benz,2215471834289053699
A 007 420 66 20,Mercedes-Benz,2215455421759397891
A 013 997 90 45,Mercedes-Benz,2215455598498979843
A 276 905 09 00,Mercedes-Benz,2215513762061787136
A 278 070 06 87,Mercedes-Benz,2215513914776395779
A 213 820 59 01,Mercedes-Benz,2215491106486788099
A 205 330 19 07,Mercedes-Benz,2215475082852999171
A 271 180 05 09,Mercedes-Benz,2215512313957359619
A 169 820 17 45,Mercedes-Benz,2215466102986547203
A 222 330 33 07,Mercedes-Benz,2215500710021079043
A 222 906 38 01,Mercedes-Benz,2215503734646939651
A 014 997 68 45,Mercedes-Benz,2215455615368470531
A 222 830 03 18,Mercedes-Benz,2215502361595387907
A 222 830 36 96,Mercedes-Benz,2215502407283941376
A 274 200 13 70,Mercedes-Benz,2215513116252217347
A 271 200 04 70,Mercedes-Benz,2215512324606697475
A 021 997 97 45,Mercedes-Benz,2215455685828583427
A 003 993 85 96,Mercedes-Benz,2215454928651853827
A 000 420 30 02,Mercedes-Benz,2215451989224890371
A 246 240 08 09,Mercedes-Benz,2215504943516655619
A 204 501 09 25,Mercedes-Benz,2215471834289053699
A 007 420 66 20,Mercedes-Benz,2215455421759397891
A 013 997 90 45,Mercedes-Benz,2215455598498979843
A 276 905 09 00,Mercedes-Benz,2215513762061787136
A 278 070 06 87,Mercedes-Benz,2215513914776395779
A 213 820 59 01,Mercedes-Benz,2215491106486788099
A 205 330 19 07,Mercedes-Benz,2215475082852999171
A 271 180 05 09,Mercedes-Benz,2215512313957359619
A 169 820 17 45,Mercedes-Benz,2215466102986547203
A 222 330 33 07,Mercedes-Benz,2215500710021079043
A 222 906 38 01,Mercedes-Benz,2215503734646939651
A 014 997 68 45,Mercedes-Benz,2215455615368470531
A 222 830 03 18,Mercedes-Benz,2215502361595387907
A 222 830 36 96,Mercedes-Benz,2215502407283941376
A 274 200 13 70,Mercedes-Benz,2215513116252217347
A 271 200 04 70,Mercedes-Benz,2215512324606697475
A 021 997 97 45,Mercedes-Benz,2215455685828583427
A 003 993 85 96,Mercedes-Benz,2215454928651853827
A 000 420 30 02,Mercedes-Benz,2215451989224890371
A 246 240 08 09,Mercedes-Benz,2215504943516655619
A 204 501 09 25,Mercedes-Benz,2215471834289053699
A 007 420 66 20,Mercedes-Benz,2215455421759397891
A 013 997 90 45,Mercedes-Benz,2215455598498979843
A 276 905 09 00,Mercedes-Benz,2215513762061787136
A 278 070 06 87,Mercedes-Benz,2215513914776395779
A 213 820 59 01,Mercedes-Benz,2215491106486788099
A 205 330 19 07,Mercedes-Benz,2215475082852999171
A 271 180 05 09,Mercedes-Benz,2215512313957359619
A 169 820 17 45,Mercedes-Benz,2215466102986547203
A 222 330 33 07,Mercedes-Benz,2215500710021079043
A 222 906 38 01,Mercedes-Benz,2215503734646939651
A 014 997 68 45,Mercedes-Benz,2215455615368470531
A 222 830 03 18,Mercedes-Benz,2215502361595387907
A 222 830 36 96,Mercedes-Benz,2215502407283941376
A 274 200 13 70,Mercedes-Benz,2215513116252217347
A 271 200 04 70,Mercedes-Benz,2215512324606697475
A 021 997 97 45,Mercedes-Benz,2215455685828583427
A 003 993 85 96,Mercedes-Benz,2215454928651853827
A 000 420 30 02,Mercedes-Benz,2215451989224890371
A 246 240 08 09,Mercedes-Benz,2215504943516655619
A 204 501 09 25,Mercedes-Benz,2215471834289053699
A 007 420 66 20,Mercedes-Benz,2215455421759397891
A 013 997 90 45,Mercedes-Benz,2215455598498979843
A 276 905 09 00,Mercedes-Benz,2215513762061787136
A 278 070 06 87,Mercedes-Benz,2215513914776395779
A 213 820 59 01,Mercedes-Benz,2215491106486788099
A 205 330 19 07,Mercedes-Benz,2215475082852999171
A 271 180 05 09,Mercedes-Benz,2215512313957359619
A 169 820 17 45,Mercedes-Benz,2215466102986547203
A 222 330 33 07,Mercedes-Benz,2215500710021079043
A 222 906 38 01,Mercedes-Benz,2215503734646939651
A 014 997 68 45,Mercedes-Benz,2215455615368470531
A 222 830 03 18,Mercedes-Benz,2215502361595387907
A 222 830 36 96,Mercedes-Benz,2215502407283941376
A 274 200 13 70,Mercedes-Benz,2215513116252217347
A 271 200 04 70,Mercedes-Benz,2215512324606697475
A 021 997 97 45,Mercedes-Benz,2215455685828583427
A 003 993 85 96,Mercedes-Benz,2215454928651853827
A 000 420 30 02,Mercedes-Benz,2215451989224890371
A 246 240 08 09,Mercedes-Benz,2215504943516655619
A 204 501 09 25,Mercedes-Benz,2215471834289053699
A 007 420 66 20,Mercedes-Benz,2215455421759397891
A 013 997 90 45,Mercedes-Benz,2215455598498979843
A 276 905 09 00,Mercedes-Benz,2215513762061787136
A 278 070 06 87,Mercedes-Benz,2215513914776395779
A 213 820 59 01,Mercedes-Benz,2215491106486788099
A 205 330 19 07,Mercedes-Benz,2215475082852999171
A 271 180 05 09,Mercedes-Benz,2215512313957359619
A 169 820 17 45,Mercedes-Benz,2215466102986547203
A 222 330 33 07,Mercedes-Benz,2215500710021079043
A 222 906 38 01,Mercedes-Benz,2215503734646939651
A 014 997 68 45,Mercedes-Benz,2215455615368470531
A 222 830 03 18,Mercedes-Benz,2215502361595387907
A 222 830 36 96,Mercedes-Benz,2215502407283941376
A 274 200 13 70,Mercedes-Benz,2215513116252217347
A 271 200 04 70,Mercedes-Benz,2215512324606697475
A 021 997 97 45,Mercedes-Benz,2215455685828583427
A 003 993 85 96,Mercedes-Benz,2215454928651853827
A 000 420 30 02,Mercedes-Benz,2215451989224890371
A 246 240 08 09,Mercedes-Benz,2215504943516655619
A 204 501 09 25,Mercedes-Benz,2215471834289053699
A 007 420 66 20,Mercedes-Benz,2215455421759397891
A 013 997 90 45,Mercedes-Benz,2215455598498979843
A 276 905 09 00,Mercedes-Benz,2215513762061787136
A 278 070 06 87,Mercedes-Benz,2215513914776395779
A 213 820 59 01,Mercedes-Benz,2215491106486788099
A 205 330 19 07,Mercedes-Benz,2215475082852999171
A 271 180 05 09,Mercedes-Benz,2215512313957359619
A 169 820 17 45,Mercedes-Benz,2215466102986547203
A 222 330 33 07,Mercedes-Benz,2215500710021079043
A 222 906 38 01,Mercedes-Benz,2215503734646939651
A 014 997 68 45,Mercedes-Benz,2215455615368470531
A 222 830 03 18,Mercedes-Benz,2215502361595387907
A 222 830 36 96,Mercedes-Benz,2215502407283941376
A 274 200 13 70,Mercedes-Benz,2215513116252217347
A 271 200 04 70,Mercedes-Benz,2215512324606697475
A 021 997 97 45,Mercedes-Benz,2215455685828583427
A 003 993 85 96,Mercedes-Benz,2215454928651853827
A 000 420 30 02,Mercedes-Benz,2215451989224890371
A 246 240 08 09,Mercedes-Benz,2215504943516655619
A 204 501 09 25,Mercedes-Benz,2215471834289053699
A 007 420 66 20,Mercedes-Benz,2215455421759397891
A 013 997 90 45,Mercedes-Benz,2215455598498979843
A 276 905 09 00,Mercedes-Benz,2215513762061787136
A 278 070 06 87,Mercedes-Benz,2215513914776395779
A 213 820 59 01,Mercedes-Benz,2215491106486788099
A 205 330 19 07,Mercedes-Benz,2215475082852999171
A 271 180 05 09,Mercedes-Benz,2215512313957359619
A 169 820 17 45,Mercedes-Benz,2215466102986547203
A 222 330 33 07,Mercedes-Benz,2215500710021079043
A 222 906 38 01,Mercedes-Benz,2215503734646939651
A 014 997 68 45,Mercedes-Benz,2215455615368470531
A 222 830 03 18,Mercedes-Benz,2215502361595387907
A 222 830 36 96,Mercedes-Benz,2215502407283941376
A 274 200 13 70,Mercedes-Benz,2215513116252217347
A 271 200 04 70,Mercedes-Benz,2215512324606697475
